"source","af","bg","ca","zh_CN","zh_TW","hr","cs","da","nl","en","en_CA","en_GB","en_US","et","fi","fr","fr_CA","de","el","hi","hu","it","ja","ko","mi","no","pl","pt","pt_BR","ro","ru","sr","es","es_AR","es_419","es_US","sv","tr","uk","vi","eo","gd","si","sl","lv","id"
"Light Themes","","","","浅色主题","淺色主題","","","Lyse Temaer","","","Light Themes","Light Themes","Light Themes","Heledad teemad","","Thème clair","Thème clair","Helle Designs","","","Világos témák","Temi chiari","ライトテーマ","밝은 테마","","Lyse Temaer","Jasne Motywy","","","","Светлые темы","","Temas claros","Temas claros","Temas claros","Temas claros","","","Світлі теми","","","","","Svetle teme","",""
"Dark Themes","","","","暗色主题","深色主題","","","Mørke temaer","","","Dark Themes","Dark Themes","Dark Themes","Tumedad teemad","","Thème sombre","Thème sombre","Dunkle Designs","","","Sötét témák","Temi Scuri","ダークテーマ","어두운 테마","","Mørke Temaer","Ciemne Motywy","","","","Тёмные темы","","Temas oscuros","Temas oscuros","Temas oscuros","Temas oscuros","","","Темні теми","","","","","Temne teme","",""
"Theme Color","","","","主题颜色","主題顏色","","","Temafarve","","","Theme Colour","Theme Colour","Theme Color","Teema värv","","Couleur du thème","Couleur du thème","Design-Farbe","","","Téma színe","Colore del tema","テーマカラー","테마 색상","","Temafarge","Kolor Motywu","","","","Цвет темы","","Temas de color","Temas de color","Temas de color","Temas de color","","","Колір теми","","","","","Barve teme","",""
"Check for updates...","","","","检查更新...","檢查更新…","","","Tjek for opdateringer...","","","Check for updates...","Check for updates...","Check for updates...","Otsi värskendusi...","","Recherche de mises à jour...","Recherche de mises à jour...","Nach Updates suchen...","","","Frissítés keresése...","Cerca aggiornamenti...","アップデートを確認","업데이트 확인...","","Se etter oppdateringer...","Sprawdź aktualizacje...","","","","Проверить обновления...","","Buscar actualizaciones...","Buscar actualizaciones...","Buscar actualizaciones...","Buscar actualizaciones...","","","Перевірити на оновлення...","","","","","Preveri za posodobitve...","",""
"Recents","","","","最近使用","最近","","","Seneste","","","Recents","Recents","Recents","Hiljutised","","Récents","Récents","Kürzlich","","","Legutóbbi","Recenti","最近","최근","","Nylige","Ostatnio używane","","","","Последние","","Reciented","Reciented","Reciented","Reciented","","","Останні","","","","","Nedavno","",""
"Smileys","","","","表情","笑臉","","","Smileys","","","Smileys","Smileys","Smileys","Smailid","","Emojis","Emojis","Smileys","","","Mosolyok","Sorrisi","スマイリー","스마일리","","Smilefjes","Buźki","","","","Смайлы","","Emoticones","Emoticones","Emoticones","Emoticones","","","Смайлики","","","","","Čustveni simboli","",""
"People","","","","人物","人員","","","Personer","","","People","People","People","Inimesed","","Personnes","Personnes","Menschen","","","Emberek","Persone","人間","인물","","Folk","Ludzie","","","","Люди","","Gente","Gente","Gente","Gente","","","Люди","","","","","Ljudje","",""
"Animals & Nature","","","","动物与自然","動物與自然","","","Dyr og natur","","","Animals & Nature","Animals & Nature","Animals & Nature","Loomad & loodus","","Animaux & Nature","Animaux & Nature","Tiere & Natur","","","Állatok és természet","Animali & Natura","動物&自然","동물과 자연","","Dyr & Natur","Zwierzęta i Natura","","","","Природа","","Animales y naturaleza","Animales y naturaleza","Animales y naturaleza","Animales y naturaleza","","","Тварини та природа","","","","","Živali in narava","",""
"Food & Drink","","","","美食","食物和飲料","","","Mad og Drikkevarer","","","Food & Drink","Food & Drink","Food & Drink","Toit & jook","","Nourriture & Boissons","Nourriture & Boissons","Essen & Trinken","","","Étel és ital","Cibo e bevande","食べ物・飲み物","음식과 음료","","Mat & Drikke","Jedzenie i Napoje","","","","Еда","","Comida y bebidas","Comida y bebidas","Comida y bebidas","Comida y bebidas","","","Їжа та напої","","","","","Hrana in pijača","",""
"Activities","","","","活动","活動","","","Aktiviteter","","","Activities","Activities","Activities","Tegevused","","Activités","Activités","Aktivitäten","","","Tevékenységek","Attività","活動","활동","","Aktiviteter","Aktywności","","","","Занятия","","Actividades","Actividades","Actividades","Actividades","","","Активність","","","","","Aktivnosti","",""
"Travel & Places","","","","旅行与地点","旅遊和地點","","","Rejser og steder","","","Travel & Places","Travel & Places","Travel & Places","Reisimine & kohad","","Voyages & Lieux","Voyages & Lieux","Reisen & Orte","","","Utazás és helyszínek","Viaggi & Luoghi","旅行と場所","여행과 장소","","Reise & Steder","Podróże i Miejsca","","","","Места","","Viajes y lugares","Viajes y lugares","Viajes y lugares","Viajes y lugares","","","Подорожі та місця","","","","","Potovanja in kraji","",""
"Objects","","","","物体","物件","","","Objekter","","","Objects","Objects","Objects","Objektid","","Objets","Objets","Objekte","","","Tárgyak","Oggetti","物","사물","","Objekter","Objekty","","","","Объекты","","Objetos","Objetos","Objetos","Objetos","","","Об'єкти","","","","","Predmeti","",""
"Symbols","","","","符号","符號","","","Symboler","","","Symbols","Symbols","Symbols","Sümbolid","","Symboles","Symboles","Symbole","","","Jelek","Simboli","記号","기호","","Symboler","Symbole","","","","Символы","","Símbolos","Símbolos","Símbolos","Símbolos","","","Символи","","","","","Simboli","",""
"Flags","","","","旗帜","旗幟","","","Flag","","","Flags","Flags","Flags","Lipud","","Marqueurs","Marqueurs","Flaggen","","","Zászlók","Bandiere","国旗","국기","","Flagg","Flagi","","","","Флаги","","Banderas","Banderas","Banderas","Banderas","","","Прапори","","","","","Zastavice","",""
"No results found.","","","","没有找到任何结果。","沒有找到結果。","","","Ingen resultater fundet.","","","No results found.","No results found.","No results found.","Tulemusi ei leitud.","","Aucun résultat trouvé.","Aucun résultat trouvé.","Keine Ergebnisse gefunden.","","","Nincs találat.","Nessun risultato trovato.","検索結果はありません","검색 결과가 없습니다.","","Ingen resultater.","Nie znaleziono wyników.","","","","Ничего не найдено.","","No se han encontrado resultados.","No se han encontrado resultados.","No se han encontrado resultados.","No se han encontrado resultados.","","","Нічого не знайдено.","","","","","Ni najdenih rezultatov.","",""
"Search emojis...","","","","搜索Emoji...","搜尋表情符號…","","","Søg efter emojis...","","","Search emojis...","Search emojis...","Search emojis...","Otsi emotikone...","","Rechercher des émojis...","Rechercher des émojis...","Emojis suchen...","","","Emoji keresése...","Cerca emoji...","絵文字を検索する","이모지 검색...","","Søk emojier...","Wyszukaj emotikony...","","","","Поиск эмоджи...","","Buscar emojis...","Buscar emojis...","Buscar emojis...","Buscar emojis...","","","Шукати емоджі...","","","","","Išči čustvene simbole...","",""
"Made with <i class=""icon icon-heart mtd-about-heart""></i> by <a href=""https://twitter.com/dangeredwolf"" rel=""user"" target=""_blank"">dangered wolf</a> since 2014<br>ModernDeck is <a href=""https://github.com/dangeredwolf/ModernDeck/"" target=""_blank"">an open source project</a> released under the MIT license.","","","","<i class=""icon icon-heart mtd-about-heart""></i>由 <a href=""https://twitter.com/dangeredwolf"" rel=""user"" target=""_blank"">dangeredwolf</a> 在 2014年制成<br>ModernDeck 是<a href=""https://github.com/dangeredwolf/ModernDeck/"" target=""_blank"">一个开放源代码项目</a> 发布于 MIT 许可证。","<i class=""icon icon-heart mtd-about-heart""></i>由來自 Columbus, OH 的 <a href=""https://twitter.com/dangeredwolf"" rel=""user"" target=""_blank"">dangeredwolf</a> 在 2014年製成<br>ModernDeck 是<a href=""https://github.com/dangeredwolf/ModernDeck/"" target=""_blank"">一個開放原始碼項目</a> 發佈於 MIT license。","","","Lavet med <i class=""icon icon-heart mtd-about-heart""></i> af <a href=""https://twitter.com/dangeredwolf"" rel=""user"" target=""_blank"">dangered wolf</a> siden 2014<br>ModernDeck er <a href=""https://github.com/dangeredwolf/ModernDeck/"" target=""_blank"">et open source-projekt</a> udgivet under MIT-licensen.","","","Made with <i class=""icon icon-heart mtd-about-heart""></i> by <a href=""https://twitter.com/dangeredwolf"" rel=""user"" target=""_blank"">dangered wolf</a> since 2014<br>ModernDeck is <a href=""https://github.com/dangeredwolf/ModernDeck/"" target=""_blank"">an open source project</a> released under the MIT licence.","Made with <i class=""icon icon-heart mtd-about-heart""></i> by <a href=""https://twitter.com/dangeredwolf"" rel=""user"" target=""_blank"">dangered wolf</a> since 2014<br>ModernDeck is <a href=""https://github.com/dangeredwolf/ModernDeck/"" target=""_blank"">an open source project</a> released under the MIT licence.","Made with <i class=""icon icon-heart mtd-about-heart""></i> by <a href=""https://twitter.com/dangeredwolf"" rel=""user"" target=""_blank"">dangered wolf</a> since 2014<br>ModernDeck is <a href=""https://github.com/dangeredwolf/ModernDeck/"" target=""_blank"">an open source project</a> released under the MIT license.","Tehtud <i class=""icon icon-heart mtd-about-heart""></i>-ga <a href=""https://twitter.com/dangeredwolf"" rel=""user"" target=""_blank"">dangered wolf</a>'i poolt aastast 2014<br>ModernDeck on <a href=""https://github.com/dangeredwolf/ModernDeck/"" target=""_blank"">avatud lähtekoodiga projekt</a>, mis on väljastatud MIT litsentsi alusel.","","Fait avec <i class=""icon icon-heart mtd-about-heart""></i> par <a href=""https://twitter.com/dangeredwolf"" rel=""user"" target=""_blank"">dangered wolf</a> depuis 2014<br>ModernDeck est <a href=""https://github.com/dangeredwolf/ModernDeck/"" target=""_blank"">un project open source</a> publié sous la license MIT.","Fait avec <i class=""icon icon-heart mtd-about-heart""></i> par <a href=""https://twitter.com/dangeredwolf"" rel=""user"" target=""_blank"">dangered wolf</a> depuis 2014<br>ModernDeck est <a href=""https://github.com/dangeredwolf/ModernDeck/"" target=""_blank"">un project open source</a> publié sous la license MIT.","Mit <i class=""icon icon-heart mtd-about-heart""></i> von <a href=""https://twitter.com/dangeredwolf"" rel=""user"" target=""_blank"">dangered wolf</a> erstellt - seit 2014<br>ModernDeck ist <a href=""https://github.com/dangeredwolf/ModernDeck/"" target=""_blank"">ein OpenSource-Projekt</a>, herausgegeben unter der MIT-Lizenz.","","","<i class=""icon icon-heart mtd-about-heart""></i> készíti <a href=""https://twitter.com/dangeredwolf"" rel=""user"" target=""_blank"">dangered wolf</a> 2014 óta.<br>A ModernDeck <a href=""https://github.com/dangeredwolf/ModernDeck/"" target=""_blank"">egy nyílt forráskódú projekt</a>, amely az MIT licensz alatt lett kiadva.","Fatto con <i class=""icon icon-heart mtd-about-heart""></i> da <a href=""https://twitter.com/dangeredwolf"" rel=""user"" target=""_blank"">dangered wolf</a> dal 2014<br>ModernDeck è <a href=""https://github.com/dangeredwolf/ModernDeck/"" target=""_blank"">un progetto open source</a> rilasciato sotto licenza MIT.","2014年から <a href=""https://twitter.com/dangeredwolf"" rel=""user"" target=""_blank"">dangered wolf</a> が心を込めて作っています。<br>ModernDeckは、MITライセンスで公開されている<a href=""https://github.com/dangeredwolf/ModernDeck/"" target=""_blank"">オープンソースプロジェクトです</a>。","2014년에 <i class=""icon icon-heart mtd-about-heart""></i> 을 담아 <a href=""https://twitter.com/dangeredwolf"" rel=""user"" target=""_blank"">dangered wolf</a>가 제작했습니다.<br>모던덱은 MIT 라이선스로 배포된 <a href=""https://github.com/dangeredwolf/ModernDeck/"" target=""_blank"">오픈소스 프로젝트</a> 입니다.","","Laget med <i class=""icon icon-heart mtd-about-heart""></i> av <a href=""https://twitter.com/dangeredwolf"" rel=""user"" target=""_blank"">dangered wolf</a> siden 2014<br>ModernDeck er <a href=""https://github.com/dangeredwolf/ModernDeck/"" target=""_blank""> et åpen-kildekode prosjekt</a> utgitt under MIT-lisensen.","Stworzone z <i class=""icon icon-heart mtd-about-heart""></i> przez <a href=""https://twitter.com/dangeredwolf"" rel=""user"" target=""_blank"">dangered wolf</a> od 2014 roku<br>ModernDeck jest<a href=""https://github.com/dangeredwolf/ModernDeck/"" target=""_blank"">projektem open source</a> opublikowanej na licencji MIT.","","","","Разработка ведётся с 2014 года <i class=""icon icon-heart mtd-about-heart""></i> <a href=""https://twitter.com/dangeredwolf"" rel=""user"" target=""_blank"">dangered wolf</a>-ом<br>ModernDeck это <a href=""https://github.com/dangeredwolf/ModernDeck/"" target=""_blank"">проект с открытым исходным кодом</a> под лицензией MIT.","","Hecho con <i class=""icon icon-heart mtd-about-heart""></i> por <a href=""https://twitter.com/dangeredwolf"" rel=""user"" target=""_blank"">dangered wolf</a> desde 2014<br>ModernDeck es <a href=""https://github.com/dangeredwolf/ModernDeck/"" target=""_blank"">un projecto open-source</a> publicado bajo la licencia MIT.","Hecho con <i class=""icon icon-heart mtd-about-heart""></i> por <a href=""https://twitter.com/dangeredwolf"" rel=""user"" target=""_blank"">dangered wolf</a> desde 2014<br>ModernDeck es <a href=""https://github.com/dangeredwolf/ModernDeck/"" target=""_blank"">un projecto open-source</a> publicado bajo la licencia MIT.","Hecho con <i class=""icon icon-heart mtd-about-heart""></i> por <a href=""https://twitter.com/dangeredwolf"" rel=""user"" target=""_blank"">dangered wolf</a> desde 2014<br>ModernDeck es <a href=""https://github.com/dangeredwolf/ModernDeck/"" target=""_blank"">un projecto open-source</a> publicado bajo la licencia MIT.","Hecho con <i class=""icon icon-heart mtd-about-heart""></i> por <a href=""https://twitter.com/dangeredwolf"" rel=""user"" target=""_blank"">dangered wolf</a> desde 2014<br>ModernDeck es <a href=""https://github.com/dangeredwolf/ModernDeck/"" target=""_blank"">un projecto open-source</a> publicado bajo la licencia MIT.","","","Розробка ведеться з <i class=""icon icon-heart mtd-about-heart""></i> програмістом за псевдонімом <a href=""https://twitter.com/dangeredwolf"" rel=""user"" target=""_blank"">dangered wolf</a> з 2014 року. ModernDeck це проєкт з <a href=""https://github.com/dangeredwolf/ModernDeck/"" target=""_blank"">відкритим сирцевим кодом</a>, що опублікований за ліцензією MIT.","","","","","Narejeno z <i class=""icon icon-heart mtd-about-heart"">, <a href=""https://twitter.com/dangeredwolf"" rel=""user"" target=""_blank""> dangered wolf</a> že od 2014<br>Moderndeck je <a href=""https://github.com/dangeredwolf/ModernDeck/"" target=""_blank"">odprtokodni projekt</a> izdan pod MIT licenco.","",""
"Behavior","","","","行为","顯示方式","","","Indstillinger","","","Behaviour","Behaviour","Behavior","Käitumine","","Comportement","Comportement","Verhalten","","","Viselkedés","Comportamento","動作","작동 방식","","Oppførsel","Zachowanie","","","","Поведение","","Comportamiento","Comportamiento","Comportamiento","Comportamiento","","","Поведінка","","","","","Vedenje","",""
"Changing your language will reset formatting customizations and restart ModernDeck","","","","更改您的语言将会重置自定义设置并重启 ModernDeck","更改語言將重置自定義格式設置並重新啟動","","","Ændring af dit sprog vil nulstille formaterings tilpasninger og genstarte ModernDeck","","","Changing your language will reset formatting customizations and restart ModernDeck","Changing your language will reset formatting customisations and restart ModernDeck","Changing your language will reset formatting customizations and restart ModernDeck","Keele vahetamine lähtestab kohandused ja taaskäivitab ModernDeck'i","","Changer la langue va réinitialiser les modifications de formatage et redémarrer ModernDeck","Changer la langue va réinitialiser les modifications de formatage et redémarrer ModernDeck","Ändern der Sprache führt zum Zurücksetzen der eigenen Formatierungen und Neustart von ModernDeck","","","A nyelv megváltoztatása törli a formátummal kapcsolatos egyéni beállításaid és újraindítja a ModernDecket","Cambiando lingua verranno rispristinate le impostazioni di formattazione e verrà riavviato ModernDeck","言語を変更すると書式設定の変更を取り消してModernDeckを再起動します","언어를 변경하면 형식 설정이 초기화되며 ModernDeck을 재시작해야 합니다.","","Endring av språk vil tilbakestille formateringen av tilpasninger og starte ModernDeck på nytt","Zmiana języka spowoduje reset konfiguracji formatowania i uruchomienie ponownie ModernDeck","","","","Изменение языка сбросит настройки региональных стандартов и перезапустит ModernDeck","","Cambiar el idioma restablecerá las personalizaciones y reiniciará ModernDeck","Cambiar el idioma restablecerá las personalizaciones y reiniciará ModernDeck","Cambiar el idioma restablecerá las personalizaciones y reiniciará ModernDeck","Cambiar el idioma restablecerá las personalizaciones y reiniciará ModernDeck","","","Зміна мови скине налаштування регіональних стандартів та перезавантажить ModernDeck","","","","","Spreminjanje vašega jezika bo ponastavilo vaše nastavitve izgleda in ponovno zagnalo ModernDeck","",""
"Formatting","","","","格式设置","格式","","","Formatering","","","Formatting","Formatting","Formatting","Vorming","","Formatage","Formatage","Formatierung","","","Formátum","Formattazione","書式設定","형식","","Formatering","Formatowanie","","","","Региональные стандарты","","Formato","Formato","Formato","Formato","","","Регіональні стандарти","","","","","Oblika zapisa","",""
"Time format","","","","时间格式","時間格式","","","Klokkeslætsformat","","","Time format","Time format","Time format","Ajavorming","","Format de temps","Format de temps","Zeitformat","","","Idő formátuma","Formato ora","時刻表示形式","시간 형식","","Format for tid","Format czasu","","","","Формат времени","","Formato de hora","Formato de hora","Formato de hora","Formato de hora","","","Формат часу","","","","","Oblika zapisa časa","",""
"Language default","","","","默认语言","預設語言","","","Sprog standard","","","Language default","Language default","Language default","Keele vaikimisi","","Langue par défaut","Langue par défaut","Betriebssystem Standard","","","Nyelvi alapértelmezés","Lingua predefinita","言語の標準","언어 기본값","","Standard språk","Domyślne dla języka","","","","Региональное умолчание","","Por defecto según idioma","Por defecto según idioma","Por defecto según idioma","Por defecto según idioma","","","Згідно з мовою","","","","","Privzet jezik","",""
"Number formatting","","","","数字格式","數字格式","","","Talformat","","","Number formatting","Number formatting","Number formatting","Numbrivorming","","Formattage des nombres","Formattage des nombres","Nummernformatierung","","","Számok formátuma","Formattazione del numero","桁区切り形式","숫자 형식","","Tallformat","Format liczb","","","","Формат чисел","","Formato numérico","Formato numérico","Formato numérico","Formato numérico","","","Формат чисел","","","","","Oblika zapisa števil","",""
"Abbreviate large numbers (thousands, millions)","","","","大数字缩略：(千，百万)","縮寫大數字：(千，百萬)","","","Forkort store tal (tusinder, millioner)","","","Abbreviate large numbers (thousands, millions)","Abbreviate large numbers (thousands, millions)","Abbreviate large numbers (thousands, millions)","Lühenda suured arvud (tuhanded, miljonid)","","Abréger les grands nombres (milliers, millions)","Abréger les grands nombres (milliers, millions)","Große Zahlen abkürzen (Tausende, Millionen)","","","Hosszú számok rövidításe (ezer, millió)","Abbreviazione dei grandi numeri (migliaia, milioni)","大きな数字を短縮する（数千、数百万）","큰 숫자 줄이기 (천, 만)","","Forkort store tall (tusener, millioner)","Skróć duże liczby (tysiące, miliony)","","","","Сокращать крупные числа (тысячи, миллионы)","","Abreviar números grandes (miles, millones)","Abreviar números grandes (miles, millones)","Abreviar números grandes (miles, millones)","Abreviar números grandes (miles, millones)","","","Скорочувати великі числа (тисячі, мільйони)","","","","","Skrajšaj dolga števila (tisoč, milijon)","",""
"Some settings are managed by your organization","","","","某些设置由您的组织管理","某些設定由貴機構管理","","","Nogle indstillinger administreres af din organisation","","","Some settings are managed by your organization","Some settings are managed by your organisation","Some settings are managed by your organization","","","Certains paramètres sont gérés par votre organisation","Certains paramètres sont gérés par votre organisation","Einige Einstellungen werden von Deiner Organisation verwaltet","","","Néhány beállítást a szervezet kezel","Alcune impostazioni sono gestite dalla tua organizzazione","いくつかの設定は組織によって管理されています。","","","Noen innstillinger administreres av organisasjonen din","Niektóre ustawienia są zarządzane przez Twoją organizację","","","","Некоторые настройки управляются Вашим администратором","","Algunas configuraciones son administradas por su organización","Algunas configuraciones son administradas por su organización","Algunas configuraciones son administradas por su organización","Algunas configuraciones son administradas por su organización","","","Деякі налаштування контролюються вашим адміністратором","","","","","Nekatere nastavitve so skrite s strani vaše organizacije","",""
"ModernDeck failed to open a link you clicked in the default browser.\n\n(Sometimes, this can be caused if you have the Twitter for Windows app installed)","","","","ModernDeck 无法打开您在默认浏览器中点击的链接。\n\n(如果您安装了 Windows 应用的 Twitter ，可能会导致这种情况)","ModernDeck 無法打開您在預設瀏覽器中點擊的鏈接。 \n\n(如果您安裝了 Windows 應用的 Twitter ，可能會導致這種情況)","","","ModernDeck kunne ikke åbne et link, du klikkede på i standardbrowseren.\n\n(Sometimes, kan dette skyldes, hvis du har Twitter til Windows-appen installeret)","","","ModernDeck failed to open a link you clicked in the default browser.\n\n(Sometimes, this can be caused if you have the Twitter for Windows app installed)","ModernDeck failed to open a link you clicked in the default browser.\n\n(Sometimes, this can be caused if you have the Twitter for Windows app installed)","ModernDeck failed to open a link you clicked in the default browser.\n\n(Sometimes, this can be caused if you have the Twitter for Windows app installed)","","","ModernDeck n'a pas réussi à ouvrir un lien que vous avez cliqué avec le navigateur par défaut.\n\n(Ceci peut arriver si vous avez l'application Twitter pour Windows d'installée)","ModernDeck n'a pas réussi à ouvrir un lien que vous avez cliqué avec le navigateur par défaut.\n\n(Ceci peut arriver si vous avez l'application Twitter pour Windows d'installée)","ModernDeck konnte den Link, auf den Du im Standardbrowser geklickt hast, nicht öffnen.\n\n(Eine mögliche Ursache ist, dass Twitter for Windows installiert sein könnte)","","","A ModernDeck nem tudta megnyitni a linket az alapértelmezett böngészőben.\n\n(Ez előfordulhat, ha telepítve van a Twitter for Windows app)","ModernDeck non è riuscito ad aprire un link che hai cliccato nel browser predefinito.\n\n(Alcune volte, ciò può essere causato dall'installazione dell'app Twitter per Windows)","ModernDeck はデフォルトブラウザでクリックしたリンクを開けませんでした。\n\n(場合によっては、Twitter for Windows アプリがインストールされている場合に発生する可能性があります)","링크를 시스템 기본 브라우저에서 여는데 실패했습니다.\n\n(간혹, 시스템에 트위터 윈도우 앱이 설치되어 있을 경우 이런 일이 생기기도 합니다)","","ModernDeck klarte ikke å åpne en lenke du klikket på i standard-nettleseren.\n\n(Dette kan skje hvis du har Twitter for Windows appen installert)","ModernDeck nie mogło otworzyć linku, który został kliknięty w domyślnej przeglądarce.\n\n(Tak się dzieje czasami, jeżeli masz zainstalowane aplikację Twitter for Windows)","","","","ModernDeck не удалось открыть ссылку в браузере по умолчанию.\n\n(Иногда это происходит из-за того, что у Вас установлено Windows-приложение Твиттера)","","ModernDeck no ha podido abrir un enlace al que le has hecho click en el navegador predeterminado.\n\n(En ocasiones, esto puede ser causado si tienes la aplicación Twitter para Windows instalada)","ModernDeck no ha podido abrir un enlace al que le has hecho click en el navegador predeterminado.\n\n(En ocasiones, esto puede ser causado si tienes la aplicación Twitter para Windows instalada)","ModernDeck no ha podido abrir un enlace al que le has hecho click en el navegador predeterminado.\n\n(En ocasiones, esto puede ser causado si tienes la aplicación Twitter para Windows instalada)","ModernDeck no ha podido abrir un enlace al que le has hecho click en el navegador predeterminado.\n\n(En ocasiones, esto puede ser causado si tienes la aplicación Twitter para Windows instalada)","","","ModernDeck не вдалося відкрити посилання у браузері за замовчуванням.\n\n(Іноді ця проблема виникає через те, що у вас встановлено Windows-застосунок Твіттеру)","","","","","","",""
"Failed to open link in browser","","","","无法在浏览器中打开链接","無法在瀏覽器中打開連結","","","","","","Failed to open link in browser","Failed to open link in browser","Failed to open link in browser","Lingi avamine brauseris ebaõnnestus","","Échec de l'ouverture de l’URL dans le navigateur","Échec de l'ouverture de l’URL dans le navigateur","Öffnen des Links im Browser fehlgeschlagen","","","Nem sikerült megnyitni a linket a böngészőben","Impossibile aprire il link nel browser","ブラウザでリンクを開くの失敗しました！","브라우저에서 링크를 열지 못했습니다.","","Kunne ikke åpne lenke i nettleseren","Nie udało się otworzyć linku w przeglądarce","","","","Не удалось открыть ссылку в браузере","","Error al abrir el enlace en el navegador","Error al abrir el enlace en el navegador","Error al abrir el enlace en el navegador","Error al abrir el enlace en el navegador","","","Не вдалось відкрити посилання у браузері","","","","","Odpiranje URL-ja v brskalniku je spodletelo","",""
"Updates are disabled by your organization","","","","更新已被您的组织禁用","更新已被貴機構停用","","","","","","Updates are disabled by your organization","Updates are disabled by your organisation","Updates are disabled by your organization","","","Les mises à jour sont désactivées par votre organisation","Les mises à jour sont désactivées par votre organisation","Aktualisierungen wurden von Deiner Organisation ausgeschaltet","","","A frissítéseket a szervezet letiltotta","Gli aggiornamenti sono disattivati dalla tua organizzazione","更新は組織によって無効になっています","","","Oppdateringer er deaktivert av din organisasjon","Aktualizacje są wyłączone przez Twoją organizację","","","","Обновления отключены Вашим администратором","","Las actualizaciones han sido desactivadas por su organización","Las actualizaciones han sido desactivadas por su organización","Las actualizaciones han sido desactivadas por su organización","Las actualizaciones han sido desactivadas por su organización","","","Оновлення відключені вашим адміністратором","","","","","Posodobitve so onemogočene s strani vaše organizacije","",""
"Check for updates","","","","检查更新","檢查更新","","","","","","Check for updates","Check for updates","Check for updates","Kontrolli uuendusi","","Rechercher des mises à jour","Rechercher des mises à jour","Nach Updates suchen","","","Frissítés keresése","Cerca aggiornamenti","アップデートの確認","업데이트 확인","","Se etter oppdateringer","Sprawdź aktualizacje","","","","Проверить обновления","","Comprobar actualizaciones","Comprobar actualizaciones","Comprobar actualizaciones","Comprobar actualizaciones","","","Перевірити оновлення","","","","","Preveri za posodobitve","",""
"ModernDeck updates help keep you secure and add new features.","","","","ModernDeck 更新有助于维护您的安全并添加新功能。","ModernDeck 更新有助於維護安全性並添加新功能。","","","","","","ModernDeck updates help keep you secure and add new features.","ModernDeck updates help keep you secure and add new features.","ModernDeck updates help keep you secure and add new features.","ModernDeck'i värskendused aitavad hoida turvalisust ja toovad välja uued funktsioonid.","","Les mises à jour de ModernDeck vous aident à rester sécurisé et à ajouter de nouvelles fonctionnalités.","Les mises à jour de ModernDeck vous aident à rester sécurisé et à ajouter de nouvelles fonctionnalités.","ModernDeck-Aktualisierungen sorgen für Sicherheit und neuen Features.","","","A ModernDeck frissítések segítenek biztonságban tartani és új funkciókat adnak az alkalmazáshoz.","Gli aggiornamenti di ModernDeck ti aiutano a mantenerti al sicuro e ad aggiungere nuove funzionalità.","ModernDeckのアップデートはセキュリティ保護と新機能の追加に役立ちます。","모던덱을 최신 버전으로 업데이트해서 향상된 보안과 추가된 기능을 누리세요.","","ModernDeck oppdateringer bidrar til å holde deg sikker, og legger til nye funksjoner.","Aktualizacje ModernDeck pomagają utrzymać bezpieczeństwo i dodać nowe funkcje.","","","","Обновления ModernDeck позволяют Вам оставаться в безопасности и получать новые функции.","","Las actualizaciones de ModernDeck te ayudan a mantenerte seguro y a añadir nuevas características.","Las actualizaciones de ModernDeck te ayudan a mantenerte seguro y a añadir nuevas características.","Las actualizaciones de ModernDeck te ayudan a mantenerte seguro y a añadir nuevas características.","Las actualizaciones de ModernDeck te ayudan a mantenerte seguro y a añadir nuevas características.","","","Оновлення ModernDeck допомагають вам залишатись у безпеці та отримувати нові функції.","","","","","Posodobitve za ModernDeck omogočajo varno uporabo in dodajajo nove funkcije.","",""
"Check now","","","","立即检查","立即檢查","","","","","","Check now","Check now","Check now","Kontrolli kohe","","Vérifier maintenant","Vérifier maintenant","Jetzt prüfen","","","Keresés most","Controlla adesso","チェックする","지금 확인","","Sjekk nå","Sprawdź teraz","","","","Проверить сейчас","","Comprobar ahora","Comprobar ahora","Comprobar ahora","Comprobar ahora","","","Перевірити зараз","","","","","Preveri zdaj","",""
"Thread","","","","主题帖","推文串","","","","","","Thread","Thread","Thread","","","Fil de discussion","Fil de discussion","Thread","","","Gondolatmenet","Discussione","スレッド","타래","","Tråd","Wątek","","","","Ветка","","Hilo","Hilo","Hilo","Hilo","","","Вітка","","","","","","",""
"An update for ModernDeck is available","","","","ModernDeck 有新的更新可用","ModernDeck 有新的更新","","","","","","An update for ModernDeck is available","An update for ModernDeck is available","An update for ModernDeck is available","Saadaval on ModernDeck'i värskendus","","Une mise à jour pour ModernDeck est disponible","Une mise à jour pour ModernDeck est disponible","Ein Update für ModernDeck ist verfügbar","","","Frissítés érhető el a ModernDeckhez","È disponibile un aggiornamento per ModernDeck","ModernDeckのアップデートがご利用可能です。","새로운 업데이트가 있습니다.","","En oppdatering for ModernDeck er tilgjengelig","Aktualizacja ModernDeck jest dostępna","","","","Доступно обновление ModernDeck","","Una actualización para ModernDeck está disponible","Una actualización para ModernDeck está disponible","Una actualización para ModernDeck está disponible","Una actualización para ModernDeck está disponible","","","Наявне оновлення ModernDeck","","","","","Na voljo je posodobitev za ModernDeck","",""
"Download","","","","下载","下載","","","","","","Download","Download","Download","Laadi alla","","Télécharger","Télécharger","Herunterladen","","","Letöltés","Download","ダウンロードする","다운로드","","Last ned","Pobierz","","","","Загрузить","","Descargar","Descargar","Descargar","Descargar","","","Завантажити","","","","","Prenesi","",""
"Get background notifications and more features with the free <a href='https://moderndeck.org'>ModernDeck App</a>!","","","","使用免费的 <a href='https://moderndeck.org/'>ModernDeck 应用程序</a> 来获取更多通知及新功能！","使用免費的<a href='https://moderndeck.org'>ModernDeck App</a>來獲取更多通知及新功能！","","","","","","Get background notifications and more features with the free <a href='https://moderndeck.org'>ModernDeck App</a>!","Get background notifications and more features with the free <a href='https://moderndeck.org'>ModernDeck App</a>!","Get background notifications and more features with the free <a href='https://moderndeck.org'>ModernDeck App</a>!","","","Obtenez des notifications en arrière-plan et plus avec <a href='https://moderndeck.org'>l'application ModernDeck</a> gratuite!","Obtenez des notifications en arrière-plan et plus avec <a href='https://moderndeck.org'>l'application ModernDeck</a> gratuite!","Erhalten Hintergrundbenachrichtigungen und weitere Funktionen mit der kostenlosen <a href='https://moderndeck.org'>ModernDeck App</a>!","","","Kapj háttér értesítések és még több mást az ingyenes <a href='https://moderndeck.org'>ModernDeck appal</a>.","Ricevi notifiche in background e altre funzionalità con l'app gratuita <a href='https://moderndeck.org'>ModernDeck</a>!","無料のModernDeckアプリで、プッシュ通知が可能です。<a href='https://moderndeck.org'> ダウンロードする</a>。","무료 <a href='https://moderndeck.org'>모던덱 앱</a> 을 설치해서 백그라운드 알림과 추가된 기능을 사용해 보세요.","","Få bakgrunnsvarsler og flere funksjoner med den kostnadsfrie <a href='https://moderndeck.org'>ModernDeck Appen</a>!","Otrzymuj powiadomienia w tle i więcej funkcji z darmową <a href='https://moderndeck.org'>aplikacją ModernDeck</a>!","","","","Попробуйте фоновые уведомления, функции администрирования и многое другое в бесплатном <a href='https://moderndeck.org/'>приложении ModernDeck</a>!","","¡Obtén notificaciones en segundo plano y más funciones con la <a href='https://moderndeck.org'>aplicación ModernDeck</a> gratis!","¡Obtén notificaciones en segundo plano y más funciones con la <a href='https://moderndeck.org'>aplicación ModernDeck</a> gratis!","¡Obtén notificaciones en segundo plano y más funciones con la <a href='https://moderndeck.org'>aplicación ModernDeck</a> gratis!","¡Obtén notificaciones en segundo plano y más funciones con la <a href='https://moderndeck.org'>aplicación ModernDeck</a> gratis!","","","Спробуйте фонові сповіщення, функції адміністрування та багато чого іншого у безкоштовному <a href='https://moderndeck.org'>застосунку ModernDeck</a>!","","","","","","",""
"Simplified","","","","精简","精簡","","","","","","Simplified","Simplified","Simplified","Lihtsustatud","","Simplifié","Simplifié","Vereinfacht","","","Egyszerűsített","Semplificato","シンプル","간단하게","","Forenklet","Uproszczony","","","","Упрощённый","","Simplificado","Simplificado","Simplificado","Simplificado","","","Спрощене","","","","","Poenostavljeno","",""
"Blur direct message contents unless hovered over","","","","模糊私信内容，除非鼠标悬停在上","模糊訊息內容，除非游標懸停在上","","","","","","Blur direct message contents unless hovered over","Blur direct message contents unless hovered over","Blur direct message contents unless hovered over","","","Flouter le contenu des message privés sauf si survolé","Flouter le contenu des message privés sauf si survolé","Verschleiere Direktnachrichten - Anzeigen lassen durch drüberfahren mit der Maus","","","Privát üzenet tartalmának elhomályosítása amíg nincs rámutatva","Sfoca i contenuti del messaggio diretto se non è passato sopra il mouse","ダイレクトメッセージのカラムをぼかす","커서를 올리기 전까지는 개인메세지 내용을 흐리게 표시함","","Gjør direktemeldinger uklare med mindre du holder musepekeren over","Rozmazuj zawartość bezpośrednich wiadomości, chyba że najedziesz na nią kursorem","","","","Размывать личные сообщения когда курсор не наведён","","Desenfocar el contenido del mensaje directo a menos que se pase por encima con el cursor","Desenfocar el contenido del mensaje directo a menos que se pase por encima con el cursor","Desenfocar el contenido del mensaje directo a menos que se pase por encima con el cursor","Desenfocar el contenido del mensaje directo a menos que se pase por encima con el cursor","","","Розмивати особисті повідомлення коли курсор не наведено","","","","","Zamegli vsebino direktnih sporočil; razen ko greš s kazalcem miške čez","",""
"Pick a theme","","","","选择一个主题","選擇一個主題","","","","","","Pick a theme","Pick a theme","Pick a theme","Vali teema","","Choisissez un thème","Choisissez un thème","Wähle ein Design","","","Téma választása","Scegli un tema","テーマを選択","테마 선택","","Velg et tema","Wybierz motyw","","","","Выберите тему","","Elige un tema","Elige un tema","Elige un tema","Elige un tema","","","Оберіть тему","","","","","Izberi temo","",""
"Restore default","","","","恢复默认","恢復預設","","","","","","Restore default","Restore default","Restore default","Taasta vaikesäte","","Restaurer valeur par défaut","Restaurer valeur par défaut","Auf Standard zurücksetzen","","","Alapértelmezés visszaállítása","Riprstina predefinita","既定値を復元","기본값 복원","","Gjenopprett standard","Przywróć domyślne","","","","Сбросить","","Restablecer predeterminado","Restablecer predeterminado","Restablecer predeterminado","Restablecer predeterminado","","","Скинути","","","","","Obnovi privzeto","",""
"Display ""Thread"" on Tweets that are part of a thread","","","","在作为主题帖一部分的Tweets上显示“主题帖“","在作為推文串一部分的Tweets上顯示“推文串”","","","","","","Display ""Thread"" on Tweets that are part of a thread","Display ""Thread"" on Tweets that are part of a thread","Display ""Thread"" on Tweets that are part of a thread","","","Afficher ""Thread"" sur les Tweets qui font partie d'un fil de discussion","Afficher ""Thread"" sur les Tweets qui font partie d'un fil de discussion","Zeige Schaltfläche ""Thread"" auf Tweets, die Teil eines Threads sind","","","""Gondolatmenet"" megjelenítése azokon a Tweeteken amelyek részei egynek","Mostra ""Thread"" sui Tweet che fanno parte di un thread","スレッドの一部であるツイートに ”スレッド” を表示する","트윗이 타래의 일부분일 때, ""타래"" 를 표시하기","","Vis ""Tråd"" på Tweets som er en del av en tråd","Wyświetl ""Wątek"" na Tweetach, które są częścią wątku","","","","Отображать ""Ветка"" на твитах, которые являются частью обсуждения","","Mostrar ""Hilo"" en Tweets que son parte de un hilo","Mostrar ""Hilo"" en Tweets que son parte de un hilo","Mostrar ""Hilo"" en Tweets que son parte de un hilo","Mostrar ""Hilo"" en Tweets que son parte de un hilo","","","Показувати позначку ""Вітка"" на твітах, що є частиною обговорення","","","","","","",""
"Yes","","","","好的","好的","","","","","","Yes","Yes","Yes","Jah","","Oui","Oui","Ja","","","Igen","Sì","はい","예","","Ja","Tak","","","","Да","","Sí","Sí","Sí","Sí","","","Так","","","","","Da","",""
"ModernDeck GIF Search uses the following sources:","","","","ModernDeck GIF 搜索使用以下来源：","ModernDeck GIF 搜尋使用以下來源：","","","","","","ModernDeck GIF Search uses the following sources:","ModernDeck GIF Search uses the following sources:","ModernDeck GIF Search uses the following sources:","ModernDeck GIFi otsing kasutab järgmisi allikaid:","","La recherche de GIF de ModernDeck utilise les sources suivantes:","La recherche de GIF de ModernDeck utilise les sources suivantes:","ModernDeck GIF-Suche nutzt folgende Quellen:","","","A ModernDeck GIF kereső a következő forrásokat használja:","La ricerca di GIF ModernDeck utilizza le seguenti fonti:","ModernDeck GIF Searchは以下のソースを使用しています:","모던덱 GIF 검색은 아래의 소스를 사용합니다:","","ModernDeck GIF søk bruker følgende kilder:","Wyszukiwanie ModernDeck GIF używa następujących źródeł:","","","","Поиск GIF использует следующие источники:","","La búsqueda GIF ModernDeck utiliza las siguientes fuentes:","La búsqueda GIF ModernDeck utiliza las siguientes fuentes:","La búsqueda GIF ModernDeck utiliza las siguientes fuentes:","La búsqueda GIF ModernDeck utiliza las siguientes fuentes:","","","Пошук GIF використовує такі джерела:","","","","","ModernDeck GIF Iskanje uporablja naslednje vire:","",""
"System UI","","","","系统界面","系統界面","","","","","","","System UI","System UI","Süsteemi UI","","IU système","IU système","System-Font","","","Rendszer felület","UI di sistema","システムフォント","시스템 UI","","","Interfejs Systemu","","","","Системный","","Fuente del sistema","Fuente del sistema","Fuente del sistema","Fuente del sistema","","","Системний","","","","","Sistemski vmesnik","",""
"Material Dark","","","","Material UI 暗色","Material UI 暗色","","","","","","Material Dark","Material Dark","Material Dark","","","Material Sombre","Material Sombre","Material Dark","","","Material sötét","Material Dark","マテリアルダーク","머티리얼 다크","","Material Dark","Material Ciemny","","","","Material (Тёмная)","","Material Dark","Material Dark","Material Dark","Material Dark","","","Material (Темна)","","","","","Material Temno","",""
"Keep modals open to like/follow from multiple accounts","","","","同时打开多个模组以便从多个账户使用喜欢/跟随","同時打開多個模組以便從多個帳號使用喜歡/追蹤","","","","","","Keep modals open to like/follow from multiple accounts","Keep modals open to like/follow from multiple accounts","Keep modals open to like/follow from multiple accounts","","","Garder la fenêtre modale ouverte pour aimer/suivre depuis plusieurs comptes","Garder la fenêtre modale ouverte pour aimer/suivre depuis plusieurs comptes","Modales Fenster offen lassen, um von mehreren Accounts zu favorisieren/zu folgen","","","Felugró ablakok nyitvatartása, hogy több fiókról lehessen lájkolni/követni","Mantieni le modalità aperte per mettere like/seguire da più account","複数のアカウントから「いいね」や「フォロー」をできるように、モーダルを開いたままにする","여러개의 계정에서 좋아요/팔로우를 하기 위해 상태창 열어두기","","Hold modalene åpne for å like/følge fra flere kontoer","Zachowaj otwarte modale, aby polubić/obserwować z wielu kont","","","","Не закрывать диалоговые окна, чтобы ставить лайки и подписываться с нескольких аккаунтов","","Mantener modales abiertas para indicar ""Me gusta""/seguir desde múltiples cuentas","Mantener modales abiertas para indicar ""Me gusta""/seguir desde múltiples cuentas","Mantener modales abiertas para indicar ""Me gusta""/seguir desde múltiples cuentas","Mantener modales abiertas para indicar ""Me gusta""/seguir desde múltiples cuentas","","","Не закривати діалогові вікна, що ставити лайки та підписуватись з декількох облікових засобів","","","","","","",""
"NFT Behavior","","","","NFT 行为","NFT 行為","","","","","","NFT Behaviour","NFT Behaviour","NFT Behavior","","","Comportement NFT","Comportement NFT","NFTs","","","NFT viselkedés","Comportamento NFT","NFTに関する動作","NFT 작동 방식","","NFT Oppførsel","Zachowanie NFT","","","","Работа с NFT","","Comportamiento NFT","Comportamiento NFT","Comportamiento NFT","Comportamiento NFT","","","Обробка NFT","","","","","Obnašanje NFT","",""
"Automatic action to take against users with NFT avatars","","","","自动对有 NFT 头像的用户进行操作","自動對有 NFT 頭像的用戶進行操作","","","","","","Automatic action to take against users with NFT avatars","Automatic action to take against users with NFT avatars","Automatic action to take against users with NFT avatars","","","Action à exécuter pour les utilisateurs avec une photo de profil NFT","Action à exécuter pour les utilisateurs avec une photo de profil NFT","Automatisches Verhalten gegenüber Nutzern mit NFT-Avataren","","","Automatikus művelet végrehajtása NFT avatáros felhasználók ellen","Azione automatica da prendere contro gli utenti con avatar NFT","NFTアイコンを設定しているユーザーに対する操作","NFT 아바타를 사용하는 사용자를 대상으로 하는 자동화 설정","","Automatiske tiltak mot brukere med NFT-avatarer","Automatyczne działanie przeciwko użytkownikom z awatarami NFT","","","","Применять следующие меры относительно пользователей с NFT аватарами","","Acción automática a tomar contra usuarios con avatares NFT","Acción automática a tomar contra usuarios con avatares NFT","Acción automática a tomar contra usuarios con avatares NFT","Acción automática a tomar contra usuarios con avatares NFT","","","Автоматично застосовувати такі заходи проти користувачів з NFT аватарами","","","","","","",""
"Nothing","","","","不处理","無動作","","","","","","Nothing","Nothing","Nothing","","","Ne rien faire","Ne rien faire","Nichts","","","Semmi","Nessuna","何もしない","아무것도 하지 않음","","Ingenting","Żadne","","","","Ничего не делать","","Ninguna","Ninguna","Ninguna","Ninguna","","","Нічого не робити","","","","","Brez","",""
"Mute user","","","","隐藏用户的推文","靜音用戶","","","","","","Mute user","Mute user","Mute user","","","Mettre l'utilisateur en sourdine","Mettre l'utilisateur en sourdine","Nutzer stummschalten","","","Felhasználó némítása","Silenzia utente","ユーザーをミュート","사용자 뮤트하기","","Demp bruker","Wycisz użytkowników","","","","Добавлять в список игнорируемых","","Silenciar usuario","Silenciar usuario","Silenciar usuario","Silenciar usuario","","","Додати до списку ігнорованих","","","","","Utišaj uporabnika","",""
"Block user","","","","屏蔽用户","封鎖用戶","","","","","","Block user","Block user","Block user","","","Bloquer l'utilisateur","Bloquer l'utilisateur","Nutzer blockieren","","","Felhasználó tiltása","Blocca utente","ユーザーをブロック","사용자 차단하기","","Blokker bruker","Zablokuj użytkowników","","","","Блокировать","","Bloquear usuario","Bloquear usuario","Bloquear usuario","Bloquear usuario","","","Блокувати","","","","","Blokiraj uporabnika","",""
"Don't auto-block or mute people you follow on your default account","","","","不要自动屏蔽或隐藏您默认账户上关注的人","不要自動封鎖或靜音您預設帳號上追蹤的人","","","","","","Don't auto-block or mute people you follow on your default account","Don't auto-block or mute people you follow on your default account","Don't auto-block or mute people you follow on your default account","","","Ne pas bloquer automatiquement ou mettre en sourdine les utilisateurs qui vous suivent sur votre compte principal","Ne pas bloquer automatiquement ou mettre en sourdine les utilisateurs qui vous suivent sur votre compte principal","Kein automatisches Blocken oder Stummschaltung von Personen, denen du auf deinem Standardkonto folgst","","","Ne legyen automata némítás vagy tiltás olyan embereknél akit követek az alapértelmezett fiókomon","Non bloccare o disattivare automaticamente le persone che segui sul tuo account predefinito","デフォルトのアカウントでフォローしている人を自動的にブロック、ミュートしない","나의 기본 계정에서 내가 팔로하는 사람들은 자동으로 차단하거나 뮤트하지 않음","","Ikke automatisk blokker eller demp folk du følger på standardkontoen din","Nie blokuj automatycznie lub wyciszaj osób, które obserwujesz na domyślnym koncie","","","","Не применять автоматические действия в сторону пользователей, на которых вы подписаны на своём аккаунте по умолчанию","","No auto-bloquear o silenciar a gente que sigues en tu cuenta por defecto","No auto-bloquear o silenciar a gente que sigues en tu cuenta por defecto","No auto-bloquear o silenciar a gente que sigues en tu cuenta por defecto","No auto-bloquear o silenciar a gente que sigues en tu cuenta por defecto","","","Не застосовувати автоматичні дії проти користувачів, яких ви не читаєте на своєму основному обліковому записі","","","","","","",""
"Some things to keep in mind","","","","注意事项","注意事項","","","","","","Some things to keep in mind","Some things to keep in mind","Some things to keep in mind","","","Informations à retenir","Informations à retenir","Einige Einschränkungen","","","Pár dolog amit tarts szem előtt","Alcune cose da tenere a mente","以下のことを留意しておく必要があります","이건 꼭 알아두세요","","","Jedno, o czym należy pamiętać","","","","Обратите внимание","","Algunas cosas a tener en cuenta","Algunas cosas a tener en cuenta","Algunas cosas a tener en cuenta","Algunas cosas a tener en cuenta","","","Зверніть увагу","","","","","Par stvari, ki jih morate imeti v mislih","",""
"At the moment, due to Twitter API limits, actions don't work against users on Search columns.","","","","目前，由于Twitter API 限制，NFT操作无法在搜索列中对用户生效。","目前由於Twitter API 限制，NFT操作無法在搜尋列中對用戶生效。","","","","","","At the moment, due to Twitter API limits, actions don't work against users on Search columns.","At the moment, due to Twitter API limits, actions don't work against users on Search columns.","At the moment, due to Twitter API limits, actions don't work against users on Search columns.","","","Pour l'instant, à cause de limites liées à l'API Twitter, ces actions ne fonctionnent pas pour les utilisateurs dans les colonnes de recherche.","Pour l'instant, à cause de limites liées à l'API Twitter, ces actions ne fonctionnent pas pour les utilisateurs dans les colonnes de recherche.","Aufgrund von Beschränkungen der Twitter-API können über die Suchfunktion nicht automatisch Handlungen gegen einen Nutzer vorgenommen werden.","","","Jelenleg a Twitter API korlátok miatt a műveletek nem működnek felhasználók ellen a keresés oszlopokban.","Al momento, a causa dei limiti delle API di Twitter, le azioni contro gli utenti non funzionano nelle colonne di ricerca.","現時点ではTwitter APIの制限により、検索カラムのユーザーに対してアクションが機能しません。","","","På grunn begrensninger i Twitter API-en, vil ikke handlinger fungere på kontoer i søkekolonner akkurat nå.","W tej chwili, ze względu na ograniczenie API Twittera, akcje nie działajom pszeciwko użytkowników w kolumnach wyszukiwania.","","","","На данный момент из-за ограничений API в Twitter, действия не работают с пользователями в поиске.","","Por el momento, debido a los límites de la API de Twitter, las acciones no funcionan contra los usuarios en las columnas de búsqueda.","Por el momento, debido a los límites de la API de Twitter, las acciones no funcionan contra los usuarios en las columnas de búsqueda.","Por el momento, debido a los límites de la API de Twitter, las acciones no funcionan contra los usuarios en las columnas de búsqueda.","Por el momento, debido a los límites de la API de Twitter, las acciones no funcionan contra los usuarios en las columnas de búsqueda.","","","Зараз, через обмеження Twitter API, дії не працюють з користувачами у пошуку.","","","","","Trenutno, zaradi limitacij API Twitterja, ukrepi ne bodo delovali za uporabnike v stolpcih Iskanje.","",""
"If you are using the mute or block actions, a queue is used if there are multiple accounts to deal with due to API and website constraints.","","","","若您想要隐藏或屏蔽某些推文，由于API和网站的约束，您有可能被排入等待列表。","若您想要靜音或封鎖某些推文，由於API和網站的限制，您有可能被排入等待列表。","","","","","","If you are using the mute or block actions, a queue is used if there are multiple accounts to deal with due to API and website constraints.","If you are using the mute or block actions, a queue is used if there are multiple accounts to deal with due to API and website constraints.","If you are using the mute or block actions, a queue is used if there are multiple accounts to deal with due to API and website constraints.","","","Si vous utilisez les actions pour bloquer ou mettre en sourdine, une file d'attente est utilisée pour s'occuper des comptes, si il y en a plusieurs, à cause des limites liées à l'API et le site.","Si vous utilisez les actions pour bloquer ou mettre en sourdine, une file d'attente est utilisée pour s'occuper des comptes, si il y en a plusieurs, à cause des limites liées à l'API et le site.","Wenn du die Stumm- oder Blockier-Funktion verwendest, werden die Anfragen in einer Warteschleife für mehrere Accounts gesammelt, um API- und Website-Einschränkungen zu umgehen.","","","Ha a némítás vagy tiltás műveleteket használod akkor egy várólista kerül alkalmazásra ha több fiókról van szó az API és weboldal kímélése végett.","Se stai usando le azioni di silenziamento o i blocchi, viene utilizzata una coda se ci sono più account da gestire a causa dei vincoli API e del sito web.","ミュートまたはブロックアクションを使用していて、なおかつ複数のアカウントを登録している場合は、APIやウェブサイトの制約上、キューが使用されます。","","","Hvis du bruker handlingene demp eller blokker, vil brukerene bli lagt i en behandlingskø pga. begrensninger på nettsiden og API-en.","Jeśli używasz akcji wyciszenia lub bloku, kolejka jest używana, jeśli istnieje wiele kont do obsługi z powodu ograniczeń API i strony internetowej.","","","","Если у вас включено игнорирование или блокировка пользователей, из-за ограничений API используется очередь в случае, если действие применяется в сторону нескольких пользователей одновременно.","","Si estás usando las acciones de silenciar o bloquear, se usará una cola si hay varias cuentas sobre las que actuar debido a las restricciones de la API y del sitio web.","Si estás usando las acciones de silenciar o bloquear, se usará una cola si hay varias cuentas sobre las que actuar debido a las restricciones de la API y del sitio web.","Si estás usando las acciones de silenciar o bloquear, se usará una cola si hay varias cuentas sobre las que actuar debido a las restricciones de la API y del sitio web.","Si estás usando las acciones de silenciar o bloquear, se usará una cola si hay varias cuentas sobre las que actuar debido a las restricciones de la API y del sitio web.","","","Якщо у вас включене ігнорування або блокування користувачів, через обмеження API застосовується черга у випадку, якщо дія застосовується проти кількох користувачів одночасно.","","","","","","",""
"Turning off this feature won't unblock or unmute anyone on Twitter, but in the future actions will no longer be taken.","","","","关闭此功能不会解除任何人在此服务器上的屏蔽或隐藏推文记录，但他们的推文将不会被ModernDeck自动隐藏。","關閉此功能不會解除任何人在此伺服器上的封鎖或靜音推文記錄，但他們的推文將不會被ModernDeck自動隱藏。","","","","","","Turning off this feature won't unblock or unmute anyone on Twitter, but in the future actions will no longer be taken.","Turning off this feature won't unblock or unmute anyone on Twitter, but in the future actions will no longer be taken.","Turning off this feature won't unblock or unmute anyone on Twitter, but in the future actions will no longer be taken.","","","Désactiver cette fonctionnalité ne vas pas débloquer ou enlever la sourdine de qui que ce soit sur le serveur, mais leurs tweets ne seront plus automatiquement cachés dans ModernDeck.","Désactiver cette fonctionnalité ne vas pas débloquer ou enlever la sourdine de qui que ce soit sur le serveur, mais leurs tweets ne seront plus automatiquement cachés dans ModernDeck.","Das Deaktivieren dieser Funktion wird niemanden auf dem Server entblocken oder die Stummschaltung aufheben, aber die Tweets des Nutzers werden in ModernDeck nicht mehr automatisch ausgeblendet.","","","A funkció kikapcsolása nem fogja a tiltásokat és némításokat visszavonni szerveroldalon, de a tweetjeik nem lesznek többé automatikusan elrejtve.","Disattivando questa funzione non sblocca o disattiva nessuno sul server, ma i loro tweet non saranno più automaticamente nascosti in ModernDeck.","この機能をオフにしても、Twitter上の他のユーザーのブロックを解除したり、ミュートを解除したりすることはできませんが、今後のアクション（自動ミュートなど）は行われなくなります。","","","Hvis du skrur av denne funksjonen, vil det ikke oppheve blokkeringen eller dempingen av noen på Twitter, men nye handlinger vil ikke bli gjennomført.","Wyłączenie tej funkcji nie spowoduje odblokowania ani cofnięcia wyciszenia nikogo na Twitterze, ale ich tweety nie będą już automatycznie ukryte w ModernDeck.","","","","Выключение этой функции не разблокирует и не уберёт пользователей из списка игнорируемых на сервере, но их твиты больше не будут скрыты в ModernDeck.","","Desactivar esta función no desbloqueará o dessilenciará a nadie en el servidor, pero sus tweets ya no se ocultarán automáticamente en ModernDeck.","Desactivar esta función no desbloqueará o dessilenciará a nadie en el servidor, pero sus tweets ya no se ocultarán automáticamente en ModernDeck.","Desactivar esta función no desbloqueará o dessilenciará a nadie en el servidor, pero sus tweets ya no se ocultarán automáticamente en ModernDeck.","Desactivar esta función no desbloqueará o dessilenciará a nadie en el servidor, pero sus tweets ya no se ocultarán automáticamente en ModernDeck.","","","Вимкнення цієї функції не розблокує та не прибере користувачів зі списку ігнорованих на сервері, але твіти цих користувачів більше не приховуватимуться у ModernDeck.","","","","","","",""
"This setting only applies to NFT users that linked their NFTs directly on Twitter.","","","","此设置仅适用于在 Twitter 上已直接连接NFT的用户。","此設定僅適用於在 Twitter 上已直接連接NFT的用戶。","","","","","","This setting only applies to NFT users that linked their NFTs directly on Twitter.","This setting only applies to NFT users that linked their NFTs directly on Twitter.","This setting only applies to NFT users that linked their NFTs directly on Twitter.","","","Ce paramètre ne s'applique qu'aux utilisateurs NFT qui ont leurs NFT associés directement sur Twitter.","Ce paramètre ne s'applique qu'aux utilisateurs NFT qui ont leurs NFT associés directement sur Twitter.","Diese Einstellung gilt nur für NFT-Benutzer, die ihre NFTs direkt auf Twitter hinterlegt bzw. verlinkt haben.","","","Ez a beállítás csak azokra a felhasználókra érvényes akik összekötötték az NFTjüket a Twitterrel.","Questa impostazione si applica solo agli utenti NFT che hanno collegato i loro NFT direttamente su Twitter.","この設定は、Twitterで直接NFTをリンクしたNFTユーザーにのみ適用されます。","","","Denne instillingen gjelder kun for NFT-brukere som har koblet sin NFT direkte til Twitter.","To ustawienie dotyczy tylko użytkowników NFT, którzy związali swoje NFT bezpośrednio na Twitterze.","","","","Эта настройка применима только к NFT пользователям, которые привязали свои NFT непосредственно в Twitter.","","Esta configuración sólo se aplica a los usuarios de NFT que enlacen sus NFT directamente en Twitter.","Esta configuración sólo se aplica a los usuarios de NFT que enlacen sus NFT directamente en Twitter.","Esta configuración sólo se aplica a los usuarios de NFT que enlacen sus NFT directamente en Twitter.","Esta configuración sólo se aplica a los usuarios de NFT que enlacen sus NFT directamente en Twitter.","","","Ця функція працює лише з NFT користувачами, що безпосередньо прив'язали свої NFT до профілю Twitter.","","","","","","",""
"Notify me when an NFT auto-action has occurred","","","","当对NFT用户发起操作时通知我","當對NFT用戶發起操作時通知我","","","","","","Notify me when an NFT auto-action has occurred","Notify me when an NFT auto-action has occurred","Notify me when an NFT auto-action has occurred","","","M'avertir lorsqu'une action NFT automatique s'est produite","M'avertir lorsqu'une action NFT automatique s'est produite","Benachrichtige mich, wenn ein NFT-Nutzer automatisiert geblockt oder stummgeschaltet wurde","","","Értesíts amikor egy NFT automata művelet lett végrehajtva","Avvisami quando si è verificata un'azione automatica NFT","NFTユーザーに対する自動アクションが発生したときに通知する","","","Varsle meg når en NFT auto-handling har oppstått","Powiadom mnie, gdy nastąpiła auto-akcja NFT","","","","Уведомлять, когда применяется автоматическое действие в сторону пользователя с NFT аватаром","","Notificarme cuando haya ocurrido una acción NFT automática","Notificarme cuando haya ocurrido una acción NFT automática","Notificarme cuando haya ocurrido una acción NFT automática","Notificarme cuando haya ocurrido una acción NFT automática","","","Повідомляти, коли застосовується автоматична дія проти користувача з NFT аватаром","","","","","","",""
"Blocking NFT avatar users","","","","阻止NFT头像用户","封鎖NFT頭像用戶","","","","","","Blocking NFT avatar users","Blocking NFT avatar users","Blocking NFT avatar users","","","Bloquage d'utilisateurs avec un avatar NFT","Bloquage d'utilisateurs avec un avatar NFT","Blockiere Benutzer mit NFT-Avatar","","","NFT avatár felhasználók tiltása","Blocco in corso di utenti avatar NFT","NFTアバターを使用しているユーザーをブロックしようとしています","","","Blokkerer NFT-avatar brukere","Blokowanie użytkowników z awatarem NFT","","","","Блокировка пользователей NFT-аватаров","","Bloqueando usuarios de avatar NFT","Bloqueando usuarios de avatar NFT","Bloqueando usuarios de avatar NFT","Bloqueando usuarios de avatar NFT","","","Блокування користувачів NFT аватарів","","","","","","",""
"Blocking NFT avatar user","","","","阻止NFT头像用户","封鎖NFT頭像用戶","","","","","","Blocking NFT avatar user","Blocking NFT avatar user","Blocking NFT avatar user","","","Bloquage d'un utilisateur avec un avatar NFT","Bloquage d'un utilisateur avec un avatar NFT","Blockiere Benutzer mit NFT-Avatar","","","NFT avatár felhasználó tiltása","Blocco in corso dell'utente avatar NFT","NFTアバターを使用しているユーザーをブロックしようとしています","","","Blokkerer NFT-avatar bruker","Zablokowany użytkownik z awatarem NFT","","","","Блокировка пользователя с NFT-аватаром","","Bloqueando usuario de avatar NFT","Bloqueando usuario de avatar NFT","Bloqueando usuario de avatar NFT","Bloqueando usuario de avatar NFT","","","Блокування користувача з NFT-аватаром","","","","","","",""
"Muting NFT avatar users","","","","隐藏NFT头像用户的推文","靜音NFT頭像用戶","","","","","","Muting NFT avatar users","Muting NFT avatar users","Muting NFT avatar users","","","Mise en sourdine d'utilisateurs avec un avatar NFT","Mise en sourdine d'utilisateurs avec un avatar NFT","Benutzer mit NFT-Avatar stummschalten","","","NFT avatár felhasználók némítása","Silenziamento in corso degli utenti avatar NFT","NFTアバターを使用しているユーザーをミュートしようとしています","","","Demper NFT-avatar brukere","Wyciszanie użytkowników z awatarem NFT","","","","Скрытие пользователей NFT-аватаров","","Silenciando usuarios de avatar NFT","Silenciando usuarios de avatar NFT","Silenciando usuarios de avatar NFT","Silenciando usuarios de avatar NFT","","","Приховування користувачів NFT аватарів","","","","","","",""
"Muting NFT avatar user","","","","隐藏NFT头像用户的推文","靜音NFT頭像用戶","","","","","","","Muting NFT avatar user","Muting NFT avatar user","","","Mise en sourdine d'un utilisateur avec un avatar NFT","Mise en sourdine d'un utilisateur avec un avatar NFT","Benutzer mit NFT-Avatar stummschalten","","","NFT avatár felhasználó némítása","Silenziamento in corso dell'utente avatar NFT","NFTアバターを使用しているユーザーをミュートしようとしています","","","Demper NFT-avatar bruker","Wyciszanie użytkownika z awatarem NFT","","","","Скрытие пользователя с NFT-аватаром","","Silenciando usuario de avatar NFT","Silenciando usuario de avatar NFT","Silenciando usuario de avatar NFT","Silenciando usuario de avatar NFT","","","Приховування користувача з NFT-аватаром","","","","","","",""
"Blocked NFT avatar user","","","","屏蔽NFT头像用户","被封鎖的NFT頭像用戶","","","","","","","Blocked NFT avatar user","Blocked NFT avatar user","","","Utilisateur avec avatar NFT bloqué","Utilisateur avec avatar NFT bloqué","Benutzer mit NFT-Avatar blockiert","","","NFT avatár felhasználó tiltva","Utente avatar NFT bloccato","NFTアバターを使用しているユーザーをブロックしました","","","Blokkert NFT-avatar bruker","Zablokowany użytkownik z awatarem NFT","","","","Пользователь с NFT-аватаром заблокирован","","Usuario de avatar NFT bloqueado","Usuario de avatar NFT bloqueado","Usuario de avatar NFT bloqueado","Usuario de avatar NFT bloqueado","","","Користувача з NFT-аватаром заблоковано","","","","","","",""
"Muted NFT avatar user","","","","屏蔽NFT头像用户","被靜音的NFT頭像用戶","","","","","","","Muted NFT avatar user","Muted NFT avatar user","","","Utilisateur avec avatar NFT mis en sourdine","Utilisateur avec avatar NFT mis en sourdine","Benutzer mit NFT-Avatar stumm geschaltet","","","NFT avatár felhasználó némítva","Utente avatar NFT silenziato","NFTアバターを使用しているユーザーをミュートしました","","","Dempet NFT-avatar bruker","Wyciszony użytkownik z awatarem NFT","","","","Пользователь с NFT-аватаром скрыт","","Usuario de avatar NFT silenciado","Usuario de avatar NFT silenciado","Usuario de avatar NFT silenciado","Usuario de avatar NFT silenciado","","","Користувача з NFT-аватаром приховано","","","","","","",""
"Hide in ModernDeck","","","","在 ModernDeck 中隐藏","在 ModernDeck 中隱藏","","","","","","","Hide in ModernDeck","Hide in ModernDeck","","","Cacher dans ModernDeck","Cacher dans ModernDeck","In ModernDeck verstecken","","","Elrejtés ModernDeckben","Nascondi in ModernDeck","ModernDeck内で非表示にする","","","Skjul i ModernDeck","Ukryj w ModernDeck","","","","Скрывать в ModernDeck","","Ocultar en ModernDeck","Ocultar en ModernDeck","Ocultar en ModernDeck","Ocultar en ModernDeck","","","Приховувати у ModernDeck","","","","","Skrij na ModernDeck","",""
"Undo","","","","撤销","撤回","","","","","","","Undo","Undo","","","Annuler","Annuler","Rückgängig","","","Visszavonás","Annulla","元に戻す","","","Angre","Cofnij","","","","Отмена","","Deshacer","Deshacer","Deshacer","Deshacer","","","Скасувати","","","","","Razveljavi","",""
"Cancel","","","","取消","取消","","","","","","","Cancel","Cancel","","","Annuler","Annuler","Abbrechen","","","Mégse","Cancella","キャンセル","","","Avbryt","Anuluj","","","","Отменить","","Cancelar","Cancelar","Cancelar","Cancelar","","","Скасувати","","","","","Prekliči","",""
"{length} users","","","","{length} 位用户","{length} 位用戶","","","","","","","{length} users","{length} users","","","{length} utilisateurs","{length} utilisateurs","{length} Benutzer","","","{length} felhasználók","{length} utenti","{length} ユーザー","","","{length} brukere","{length} użytkowników","","","","Пользователей: {length}","","{length} usuarios","{length} usuarios","{length} usuarios","{length} usuarios","","","Користувачів: {length}","","","","","{length} uporabniki","",""
"Twitter Dark","","","","Twitter 暗色","","","","","","","","Twitter Dark","Twitter Dark","","","Twitter sombre","Twitter sombre","Twitter Dark","","","","Twitter scuro","Twitter Dark","","","","Twitter Ciemny","","","","Twitter (Тёмная)","","Twitter Oscuro","Twitter Oscuro","Twitter Oscuro","Twitter Oscuro","","","Twitter (Темна)","","","","","Twitter Temno","",""
"Discord Dark","","","","Discord 暗色","","","","","","","","Discord Dark","Discord Dark","","","Discord sombre","Discord sombre","Discord Dark","","","","Discord scuro","Discord Dark","","","","Discord Ciemny","","","","Discord (Тёмная)","","Discord Oscuro","Discord Oscuro","Discord Oscuro","Discord Oscuro","","","Discord (Темна)","","","","","Discord Temno","",""
"Automatic","","","","","","","","","","","","Automatic","Automatic","","","Automatique","Automatique","Automatisch","","","","Automatico","自動","","","Automatisk","Automatyczny","","","","Системная","","","","","","","","Системна","","","","","Samodejno","",""
"Light Theme","","","","","","","","","","","","Light Theme","Light Theme","","","Thème clair","Thème clair","Helles Design","","","","Tema Chiaro","ライトテーマ","","","","Jasny Motyw","","","","Светлая тема","","","","","","","","Світла тема","","","","","Svetla preobleka","",""
"Dark Theme","","","","","","","","","","","","Dark Theme","Dark Theme","","","Thème sombre","Thème sombre","Dunkles Design","","","","Tema Scuro","ダークテーマ","","","","Ciemny motyw","","","","Тёмная тема","","","","","","","","Темна тема","","","","","Temna preobleka","",""
"Keyword from User","","","","","","","","","","","","Keyword from User","Keyword from User","","","Mot clé de l'utilisateur","Mot clé de l'utilisateur","Stichwort des Benutzers","","","","Parole chiave dell'Utente","ユーザーからのキーワード","","","Nøkkelord fra bruker","Słowo kluczowe od użytkownika","","","","Ключевое слово от пользователя","","","","","","","","Ключове слово від користувача","","","","","Ključne besede uporabnika","",""
"Tweets with more than X hashtags","","","","","","","","","","","","Tweets with more than X hashtags","Tweets with more than X hashtags","","","Tweets avec plus de X hashtags","Tweets avec plus de X hashtags","Tweets mit mehr als X Hashtags","","","","Tweet con più di X hashtags","X個以上のハッシュタグが付いているツイート","","","Tweets med mer enn X hashtags","Tweety z więcej niż X hashtagów","","","","Твиты с более чем X хэштегов","","","","","","","","Максимальна кількість хештегів у твіті","","","","","","",""
"Display name (RegEx)","","","","","","","","","","","","Display name (RegEx)","Display name (RegEx)","","","Nom complet (RegEx)","Nom complet (RegEx)","Anzeigename (RegEx)","","","","Nome visualizzato (RegEx)","ユーザー名 (正規表現)","","","Visningsnavn (RegEx)","Wyświetlana nazwa (RegEx)","","","","Имя пользователя (RegEx)","","","","","","","","Ім'я користувача (RegEx)","","","","","","",""
"Tweet text (RegEx)","","","","","","","","","","","","Tweet text (RegEx)","Tweet text (RegEx)","","","Contenu du Tweet (RegEx)","Contenu du Tweet (RegEx)","Tweet-Text (RegEx)","","","","Testo del Tweet (RegEx)","ツイート (正規表現)","","","Tekst i Tweet (RegEx)","Tweet tekst (RegEx)","","","","Текст твита (RegEx)","","","","","","","","Текст твіту (RegEx)","","","","","","",""
"Username (RegEx)","","","","","","","","","","","","Username (RegEx)","Username (RegEx)","","","Nom d'utilisateur (RegEx)","Nom d'utilisateur (RegEx)","Benutzername (RegEx)","","","","Nome Utente (RegEx)","ユーザーID (正規表現)","","","Brukernavn (RegEx)","Nazwa użytkownika (RegEx)","","","","Юзернейм (RegEx)","","","","","","","","Юзернейм (RegEx)","","","","","","",""
"Words in user bio","","","","","","","","","","","","Words in user bio","Words in user bio","","","Mots dans la bio de l'utilisateur","Mots dans la bio de l'utilisateur","Wörter in Benutzer-Bio","","","","Parole nella bio dell'utente","プロフィールに含まれる単語","","","Ord i brukerens bio","Słowa w bio użytkownika","","","","Слова в био пользователя","","","","","","","","Опис профілю, біо","","","","","","",""
"Users with default profile picture","","","","","","","","","","","","Users with default profile picture","Users with default profile picture","","","Utilisateurs avec photo de profil par défaut","Utilisateurs avec photo de profil par défaut","Benutzer mit Standardprofilbild","","","","Utente con la foto profilo predefinita","プロフィール画像が設定されていないユーザー","","","Brukere med standard profilbilde","Użytkownicy z domyślnym obrazem profilowym","","","","Пользователи с фото профиля по умолчанию","","","","","","","","Користувачі без аватару","","","","","","",""
"Users with fewer than X followers","","","","","","","","","","","","Users with fewer than X followers","Users with fewer than X followers","","","Utilisateurs avec moins de X abonnés","Utilisateurs avec moins de X abonnés","Benutzer mit weniger als X Follower","","","","Utente con meno di X followers","フォロワー数がX未満のユーザー","","","Brukere med færre enn X følgere","Użytkownicy z mniej niż X obserwujących","","","","Пользователи с менее чем X читателей","","","","","","","","Користувачі з кількістю читачів меншою за X","","","","","","",""
"Users with more than X followers","","","","","","","","","","","","Users with more than X followers","Users with more than X followers","","","Utilisateurs avec plus de X abonnés","Utilisateurs avec plus de X abonnés","Benutzer mit mehr als X Follower","","","","Utente con più di X followers","フォロワー数がX以上のユーザー","","","Brukere med flere enn X følgere","Użytkownicy z więcej niż X obserwujących","","","","Пользователи с более чем X читателей","","","","","","","","Користувачі з кількістю читачів більшою за X","","","","","","",""
"Number of Hashtags","","","","","","","","","","","","Number of Hashtags","Number of Hashtags","","","# de Hashtags","# de Hashtags","# von Hashtags","","","","Numero di hashtags","ハッシュタグの数","","","Antall Hashtags","Liczba hashtagów","","","","Список #хештегов","","","","","","","","Список #хештегів","","","","","","",""
"User Bio","","","","","","","","","","","","User Bio","User Bio","","","Biographie de l'utilisateur","Biographie de l'utilisateur","Benutzer-Bio","","","","Bio dell'Utente","プロフィール","","","Bruker's bio","Biografia użytkownika","","","","Био пользователя","","","","","","","","Біо","","","","","","",""
"Default Profile Picture","","","","","","","","","","","","Default Profile Picture","Default Profile Picture","","","Photo de profil par défaut","Photo de profil par défaut","Standard-Profilbild","","","","Foto profilo predefinita","プロフィール画像を未設定","","","Standard profilbilde","Domyślne zdjęcie profilu","","","","Аватар по умолчанию","","","","","","","","Без аватара","","","","","","",""
"Minimum Followers","","","","","","","","","","","","Minimum Followers","Minimum Followers","","","Abonnés minimum","Abonnés minimum","Minimale Follower","","","","Minimo di followers","最小フォロワー数","","","Minimum antall følgere","Minimalna ilość obserwujących","","","","Минимальное количество читателей","","","","","","","","Мінімальна кількість читачів","","","","","","",""
"Maximum Followers","","","","","","","","","","","","Maximum Followers","Maximum Followers","","","Abonnés maximum","Abonnés maximum","Maximale Follower","","","","Massimo di follower","最大フォロワー数","","","Maksimalt antall følgere","Maksymalna liczba obserwujących","","","","Максимальное количество читателей","","","","","","","","Максимальна кількість читачів","","","","","","",""
"e.g. twitter|feature","","","","","","","","","","","","e.g. twitter|feature","e.g. twitter|feature","","","ex: twitter|fonctionnalité","ex: twitter|fonctionnalité","z.B. twitter|feature","","","","twitter | caratteristica","例: twitter|feature","","","f.eks. twitter|feature","np. Twitter|funkcja","","","","напр. twitter|feature","","","","","","","","напр. twitter|feature","","","","","","",""
"Enter number of hashtags","","","","","","","","","","","","Enter number of hashtags","Enter number of hashtags","","","Entrez le nombre d'hashtags","Entrez le nombre d'hashtags","Anzahl der Hashtags eingeben","","","","Inserire il numero di hashtags","ハッシュタグの数を入力してください","","","Angi antall hashtags","Wprowadź liczbę hashtagów","","","","Введите хэштеги","","","","","","","","Вкажіть хештеги","","","","","","",""
"Enter a regular expression","","","","","","","","","","","","Enter a regular expression","Enter a regular expression","","","Entrez une expression régulière","Entrez une expression régulière","Regulären Ausdruck eingeben","","","","Inserire un espressione regolare (RegEx)","正規表現を入力してください","","","Angi et regulært uttrykk","Wprowadź wyrażenie regularne","","","","Введите регулярное выражение","","","","","","","","Введіть регулярний вираз","","","","","","",""
"Enter number of followers","","","","","","","","","","","","Enter number of followers","Enter number of followers","","","Entrez le nombre d'abonnés","Entrez le nombre d'abonnés","Anzahl der Follower eingeben","","","","Inserire il numero di followers","フォロワー数を入力してください","","","Angi antall følgere","Wprowadź liczbę obserwujących","","","","Введите количество читателей","","","","","","","","Введіть кількість читачів","","","","","","",""
"Welcome to {productName}","","","","","","","","","","","","Welcome to {productName}","Welcome to {productName}","","","Bienvenue sur {productName}","Bienvenue sur {productName}","Willkommen bei {productName}","","","","Benvenuto in {productName}","{productName} へようこそ","","","Velkommen til {productName}","Witamy w {productName}","","","","Добро пожаловать в {productName}","","","","","","","","Ласкаво просимо до {productName}","","","","","","",""
"Welcome to {productName}, a free and open-source Twitter client, built on the power of TweetDeck, enhanced with a modern UI and more customization features.","","","","","","","","","","","","Welcome to {productName}, a free and open-source Twitter client, built on the power of TweetDeck, enhanced with a modern UI and more customization features.","Welcome to {productName}, a free and open-source Twitter client, built on the power of TweetDeck, enhanced with a modern UI and more customization features.","","","","","Willkommen bei {productName}, einem kostenlosen Open-Source Twitter Client, der auf der Leistung von TweetDeck aufbaut und um ein modernes UI und mehr Anpassung erweitert wurde.","","","","Benvenuto in {productName}, un client gratuito e open-source per Twitter, basato su Tweetdeck con l'aggiunta di un'interfaccia moderna e più opzioni di personalizzazione.","{productName} はTweetDeckをベースに、モダンなUIとカスタマイズ機能を強化した、フリーでオープンソースなTwitterクライアントです。","","","Velkommen til {productName}, en gratis og åpen-kildekode Twitter-klient bygget på TweetDeck, forbedret med et moderne brukergrensesnitt og flere tilpasningsfunskjoner.","Witamy w {productName}, darmowym i otwartym kliencie Twittera, zbudowanym na podstawie TweetDeck, ulepszonym o nowoczesny interfejs użytkownika i większą liczbę dostosowywania.","","","","Добро пожаловать в {productName}, бесплатный клиент для Твиттера с открытым исходным кодом, построенный на TweetDeck, но дополненный современным интерфейсом и усиленной кастомизацией.","","","","","","","","Ласкаво просимо до {productName}, безкоштовного та відкритого Твіттер-клієнту, побудованого на TweetDeck та доповненого сучасним інтерфейсом та посиленою кастомізацією.","","","","","","",""
"ModernDeck has been developed since 2014 over countless hours of work and released for free. If you'd like to help continue its development, consider leaving a donation or becoming a sponsor.","","","","","","","","","","","","ModernDeck has been developed since 2014 over countless hours of work and released for free. If you'd like to help continue its development, consider leaving a donation or becoming a sponsor.","ModernDeck has been developed since 2014 over countless hours of work and released for free. If you'd like to help continue its development, consider leaving a donation or becoming a sponsor.","","","","","ModernDeck wurde seit 2014 über unzählige Arbeitsstunden hinweg entwickelt und wird kostenlos zur Verfügung gestellt. Wenn Sie dabei helfen möchten die Entwicklung fortzusetzen, denken Sie bitte über eine Spende nach oder werden Sie ein Sponsor.","","","","ModernDeck è stato sviluppato dal 2014 in innumerevoli ore di lavoro ed è stato rilasciato gratuitamente. Se vuoi aiutare la continuazione dello sviluppo considera una donazione per diventare uno sponsor.","ModernDeckは2014年から数え切れないほどの時間を掛けて開発され、無償でリリースされています。もし今後の開発にご協力いただける方は、寄付やスポンサーになって頂けますと幸いです。","","","ModernDeck har blitt utviklet siden 2014 gjennom utallige timer arbeid, og er utgitt gratis. Hvis du ønsker å hjelpe utviklingen videre, kan du gi en donasjon, eller bli en sponsor.","ModernDeck jest rozwijany od 2014 roku, pochłonął niezliczoną ilosć roboczogodzin i wydany za darmo. Jeśli chcesz pomóc w kontynuowaniu jego rozwoju, rozważ wspomożenie darowizną bądź zostanie sponsorem.","","","","ModernDeck разрабатывается с 2014 года часами упорной работы и предлагается к загрузке бесплатно. Если вы желаете поддержать дальнейшую разработку приложения, вы можете оставить пожертвование или стать спонсором, внося регулярные пожертвования.","","","","","","","","ModernDeck розробляється з 2014 року годинами наполегливої роботи та пропонується до завантаження безплатно. Якщо ви бажаєте підтримати подальшу розробку програми, ви можете залишити пожертвування або стати спонсором, вносячи регулярні пожертвування.","","","","","","",""
"Follow ModernDeck or its developer to learn about the latest updates or to contact for help.","","","","","","","","","","","","Follow ModernDeck or its developer to learn about the latest updates or to contact for help.","Follow ModernDeck or its developer to learn about the latest updates or to contact for help.","","","","","Folgen Sie ModernDeck oder dessen Entwickler, um über die neuesten Updates zu erfahren oder Hilfe zu erhalten.","","","","Segui ModernDeck o ol suo sviluppatore per conoscere le ultime novità o scrivici per richiedere aiuto.","ModernDeckの公式アカウントまたは開発者をフォローすることで、最新のアップデート情報を入手したり、ヘルプに関する連絡をすることが出来ます。","","","Følg ModernDeck eller utvikleren for å lære om de siste oppdateringene, eller for å kontakte for støtte.","Obserwuj ModernDeck lub jego dewelopera, aby dowiedzieć się o najnowszych aktualizacjach lub skontaktować się o pomoc.","","","","Следите за ModernDeck и его разработчиком (на английском), чтобы узнавать о новых обновлениях, или, чтобы связаться и получить помощь.","","","","","","","","Слідкуйте за ModernDeck та його розробником (англійською), щоб дізнаватися про нові оновлення, або щоб зв'язатися та отримати допомогу.","","","","","","",""
"New to ModernDeck?","","","","","","","","","","","","New to ModernDeck?","New to ModernDeck?","","","","","Neu bei ModernDeck?","","","","Prima volta su ModernDeck?","ModernDeckは初めてですか？","","","Ny til ModernDeck?","Nowy w ModernDecku?","","","","Знакомитесь с ModernDeck?","","","","","","","","Знайомитесь із ModernDeck?","","","","","","",""
"Pick a theme you'd like to use. You can customize colors and more about your ModernDeck experience in <i class='icon icon-settings'></i> <b>Settings</b>.","","","","","","","","","","","Pick a theme you'd like to use. You can customize colours and more about your ModernDeck experience in <i class='icon icon-settings'></i> <b>Settings</b>.","Pick a theme you'd like to use. You can customise colours and more about your ModernDeck experience in <i class='icon icon-settings'></i> <b>Settings</b>.","Pick a theme you'd like to use. You can customize colors and more about your ModernDeck experience in <i class='icon icon-settings'></i> <b>Settings</b>.","","","","","Wählen Sie ein Design, das Sie verwenden möchten. Sie können Farben und mehr über Ihre ModernDeck Erfahrung in <i class='icon icon-settings'></i> <b>Einstellungen</b> anpassen.","","","","Scegli il tema che preferisci. Potrai cambiare i colori degli elementi e molto altro della tua esperienza utente nelle <i class='icon icon-settings'></i> <b>Impostazioni</b>.","テーマやアクセントカラー、ModernDeckの機能などは <i class='icon icon-settings'></i> <b>設定</b> から変更することが出来ます。","","","Velg et tema du vil bruke. Du kan tilpasse farger og mer rundt din ModernDeck-opplevelse i <i class='icon icon-settings'></i><b>Instillinger</b>.","Wybierz szablon, który chcesz użyć. Możesz dostosować kolory i więcej doświadczeń w ModernDecku w <i class='icon icon-settings'></i> <b>Ustawieniach</b>.","","","","Выберите тему, которая вам по душе. Вы можете подстроить цвета темы и многие другие опции под себя в <i class='icon icon-settings'></i> <b>Настройках</b>.","","","","","","","","Оберіть тему, яка вам до вподоби. Ви можете підлаштувати кольори теми та багато інших опцій під себе в <i class='icon icon-settings'></i> <b>Налаштуваннях</b>.","","","","","","",""
"Been here before?","","","","","","","","","","","","Been here before?","Been here before?","","","","","Schon mal hier gewesen?","","","","Sei già passato di qua?","以前に使用したことがありますか？","","","Vært her før?","Byłeś tu wcześniej?","","","","Возвращаетесь к работе с ModernDeck?","","","","","","","","Повертаєтеся до роботи із ModernDeck?","","","","","","",""
"If you exported your settings from ModernDeck before, you can restore those in <i class='icon icon-settings'></i> <b>Settings › System › Load Backup</b>","","","","","","","","","","","","If you exported your settings from ModernDeck before, you can restore those in <i class='icon icon-settings'></i> <b>Settings › System › Load Backup</b>","If you exported your settings from ModernDeck before, you can restore those in <i class='icon icon-settings'></i> <b>Settings › System › Load Backup</b>","","","","","Wenn Sie Ihre Einstellungen zuvor von ModernDeck exportiert haben, können Sie diese mit <i class='icon icon-settings'></i> <b>Einstellungen › System › Sicherung laden</b> wiederherstellen","","","","Se hai precedentemente esportato le tue impostazioni di ModernDeck, le puoi ripristinare in <i class='icon icon-settings'></i> <b>Impostazioni > Sistema > Carica Backup</b>","以前にModernDeckで設定をバックアップしていたのであれば、<i class='icon icon-settings'></i> <b>設定 › システム › バックアップの読み込み</b> で設定を復元することができます。","","","Hvis du tidligere har eksportert instillingene dine fra ModernDeck, kan du gjenopprette de i <i class='icon icon-settings'></i> <b>Instillinger › System › Last inn Backup</b>","Jeśli wcześniej wyeksportowałeś swoje ustawienia z ModernDeck, możesz je przywrócić w <i class='icon icon-settings'></i> <b>Ustawieniach › System › Załaduj Kopię Zapasową</b>","","","","Если ранее вы совершали экспорт настроек ModernDeck, их можно восстановить в <i class='icon icon-settings'></i> <b>Настройках</b>: Система › Загрузить резервную копию","","","","","","","","Якщо раніше ви експортували налаштування ModernDeck, їх можна відновити в <i class='icon icon-settings'></i> <b>Налаштуваннях</b>: Система › Завантажити резервну копію","","","","","","",""
"You've been upgraded to ModernDeck 10","","","","","","","","","","","","You've been upgraded to ModernDeck 10","You've been upgraded to ModernDeck 10","","","","","Du wurdest auf ModernDeck 10 aktualisiert","","","","Aggiornamento a ModernDeck 10 completato","ModernDeck 10 にアップグレードされました","","","Du har blitt oppgradert til ModernDeck 10","Zostałeś zaktualizowany do ModernDeck 10","","","","Установлено обновление ModernDeck 10","","","","","","","","Встановлено оновлення ModernDeck 10","","","","","","",""
"Things should look familiar around here, but with new features and a lot of under-the-hood changes. I hope you like it!","","","","","","","","","","","","Things should look familiar around here, but with new features and a lot of under-the-hood changes. I hope you like it!","Things should look familiar around here, but with new features and a lot of under-the-hood changes. I hope you like it!","","","","","Hier sollten die Dinge vertraut aussehen, aber mit neuen Features und vielen Änderungen unter der Haube. Ich hoffe, dass es dir gefällt!","","","","Dovrebbe esserti tutto familiare, ma con nuove funzioni e un sacco di cambiamenti sotto il cofano, speriamo ti piacciano!","いつもの見慣れた画面のように見えると思いますが、実は新しい機能と多くの改善があります。気に入って頂けたら幸いです！","","","Mye kommer til å føles kjent ut, men det er nye funksjoner og mange underliggende forandringer. Jeg håper du liker det!","Rzeczy powinny być znajome w tych regionach, ale z nowymi funkcjami i wieloma zmianami pod maską. Mam nadzieję, że Ci się to spodoba!","","","","В целом, всё должно выглядеть знакомо, но с парочкой новых функций и множеством изменений под капотом. Надеемся, вам понравится!","","","","","","","","В цілому, все має виглядати знайомо, але з новими функціями й безліччю змін під капотом. Сподіваємось, вам сподобається!","","","","","","",""
"Sponsor","","","","","","","","","","","","Sponsor","Sponsor","","","","","Sponsor","","","","Sponsor","スポンサー","","","Spons","Bądź sponsorem","","","","Стать спонсором","","","","","","","","Спонсор","","","","","","",""
"Follow ModernDeck on Twitter","","","","","","","","","","","","Follow ModernDeck on Twitter","Follow ModernDeck on Twitter","","","","","Folge ModernDeck auf Twitter","","","","Segui ModernDeck su Twitter","TwitterでModernDeckをフォロー","","","Følg ModernDeck på Twitter","Obserwuj ModernDeck na Twitterze","","","","Читайте ModernDeck в Твиттере","","","","","","","","Читайте ModernDeck у Твіттері","","","","","","",""
"Help support ModernDeck","","","","","","","","","","","","Help support ModernDeck","Help support ModernDeck","","","","","Unterstütze ModernDeck","","","","Aiutaci a sostenere ModernDeck","ModernDeckを支援してください","","","Støtt ModernDeck","Wesprzyj ModernDeck","","","","Поддержите развитие ModernDeck","","","","","","","","Підтримайте розвиток ModernDeck","","","","","","",""
"Buy me a coffee on Ko-Fi","","","","","","","","","","","","Buy me a coffee on Ko-Fi","Buy me a coffee on Ko-Fi","","","","","","","","","Ofrrimi un caffè su Ko-Fi","Ko-Fiで支援する","","","Doner med Ko-Fi","Kup mi kawę na Ko-Fi","","","","Угостите меня кофе на Ko-Fi","","","","","","","","Пригостіть мене кавою на Ko-Fi","","","","","","",""
"Classic (TweetDeck)","","","","经典 (TweetDeck)","經典 (TweetDeck)","","","","","","","Classic (TweetDeck)","Classic (TweetDeck)","Klassikaline (TweetDeck)","","Classique (TweetDeck)","Classique (TweetDeck)","Klassisch (TweetDeck)","","","Hagyományos (TweetDeck)","Classico (TweetDeck)","クラシック (TweetDeck)","","","Klassisk (TweetDeck)","Klasyczny (TweetDeck)","","","","Классический (TweetDeck)","","Clásico (TweetDeck)","Clásico (TweetDeck)","Clásico (TweetDeck)","Clásico (TweetDeck)","","","Класична (TweetDeck)","","","","","Klasični (TweetDeck)","",""
